{"count":1,"gauges":{},"self":409.3612544,"total":724.7488606,"children":{"AgentResetIfDone":{"count":700017,"self":3.4653967999999997,"total":3.4653966,"children":null},"AgentSendState":{"count":700017,"self":2.601026,"total":2.9461595,"children":{"CollectObservations":{"count":70002,"self":0.3451334,"total":0.3451334,"children":null}}},"DecideAction":{"count":700017,"self":199.7280384,"total":200.85623149999998,"children":{"AgentInfo.ToProto":{"count":70002,"self":1.1281972999999998,"total":1.1281972999999998,"children":null}}},"AgentAct":{"count":700017,"self":108.1188224,"total":108.11882709999999,"children":null}}}