{"count":1,"gauges":{},"self":20.6868224,"total":20.7646677,"children":{"AgentResetIfDone":{"count":1029,"self":0.005151,"total":0.005151,"children":null},"AgentSendState":{"count":1029,"self":0.0039556999999999995,"total":0.0039556999999999995,"children":{"CollectObservations":{"count":103,"self":0,"total":0,"children":null}}},"DecideAction":{"count":1029,"self":0.0069646,"total":0.0069646,"children":null},"AgentAct":{"count":1029,"self":0.060779,"total":0.060779,"children":null}}}