{"count":1,"gauges":{},"self":128.54531839999999,"total":253.7885366,"children":{"AgentResetIfDone":{"count":218617,"self":1.4794508,"total":1.4794508,"children":null},"AgentSendState":{"count":218617,"self":1.1588083999999998,"total":1.3004248,"children":{"CollectObservations":{"count":21862,"self":0.1416164,"total":0.1416164,"children":null}}},"DecideAction":{"count":218617,"self":61.4941568,"total":61.9455439,"children":{"AgentInfo.ToProto":{"count":21862,"self":0.45138629999999996,"total":0.45138629999999996,"children":null}}},"AgentAct":{"count":218617,"self":60.516799999999996,"total":60.516797399999994,"children":null}}}