{"count":1,"gauges":{},"self":80.376703999999989,"total":80.3883468,"children":{"AgentResetIfDone":{"count":4014,"self":0.003044,"total":0.003044,"children":null},"AgentSendState":{"count":4014,"self":0.0040872999999999994,"total":0.0042049999999999995,"children":{"CollectObservations":{"count":4014,"self":0.0001177,"total":0.0001177,"children":null}}},"DecideAction":{"count":4014,"self":0.0011116,"total":0.0011116,"children":null},"AcademyStep":{"count":4014,"self":0.0002938,"total":0.0002938,"children":null},"AgentAct":{"count":4014,"self":0.0019643,"total":0.0019643,"children":null}}}