{"count":1,"gauges":{},"self":256.6585088,"total":442.3719356,"children":{"AgentResetIfDone":{"count":424701,"self":2.5649724,"total":2.5649725,"children":null},"AgentSendState":{"count":424701,"self":2.3040887999999997,"total":2.6278234,"children":{"CollectObservations":{"count":42471,"self":0.3237345,"total":0.3237345,"children":null}}},"DecideAction":{"count":424701,"self":122.19683839999999,"total":123.00604089999999,"children":{"AgentInfo.ToProto":{"count":42471,"self":0.8092003,"total":0.8092003,"children":null}}},"AgentAct":{"count":424701,"self":57.5135936,"total":57.5135935,"children":null}}}