{"count":1,"gauges":{},"self":291.79033599999997,"total":589.3210101,"children":{"AgentResetIfDone":{"count":700017,"self":3.8039228,"total":3.8039229,"children":null},"AgentSendState":{"count":700017,"self":2.8550516,"total":3.2414291,"children":{"CollectObservations":{"count":70002,"self":0.3863776,"total":0.3863776,"children":null}}},"DecideAction":{"count":700017,"self":185.2926848,"total":186.40912509999998,"children":{"AgentInfo.ToProto":{"count":70002,"self":1.1164429,"total":1.1164429,"children":null}}},"AgentAct":{"count":700017,"self":104.0747136,"total":104.0747117,"children":null}}}