{"count":1,"gauges":{},"self":316.7002112,"total":628.9998081,"children":{"AgentResetIfDone":{"count":700017,"self":3.7256091999999996,"total":3.7256093,"children":null},"AgentSendState":{"count":700017,"self":2.8372547999999997,"total":3.2546478999999997,"children":{"CollectObservations":{"count":70002,"self":0.41739309999999996,"total":0.41739309999999996,"children":null}}},"DecideAction":{"count":700017,"self":195.25986559999998,"total":196.55207249999998,"children":{"AgentInfo.ToProto":{"count":70002,"self":1.2922114,"total":1.2922114,"children":null}}},"AgentAct":{"count":700017,"self":108.766272,"total":108.76627429999999,"children":null}}}