{"count":1,"gauges":{},"self":91.4663296,"total":166.735476,"children":{"AgentResetIfDone":{"count":262717,"self":1.7160933999999999,"total":1.7160933999999999,"children":null},"AgentSendState":{"count":262717,"self":1.430972,"total":1.5983751,"children":{"CollectObservations":{"count":26272,"self":0.1674031,"total":0.1674031,"children":null}}},"DecideAction":{"count":262717,"self":69.108537599999991,"total":69.6116565,"children":{"AgentInfo.ToProto":{"count":26272,"self":0.5031219,"total":0.5031219,"children":null}}},"AgentAct":{"count":262717,"self":2.342022,"total":2.342022,"children":null}}}