{"count":1,"gauges":{},"self":3548.4971007999998,"total":6664.589993,"children":{"AgentResetIfDone":{"count":8839068,"self":65.2693824,"total":65.26938539999999,"children":null},"AgentSendState":{"count":8839068,"self":53.871711999999995,"total":59.997808199999994,"children":{"CollectObservations":{"count":883907,"self":6.1260932,"total":6.1260932,"children":null}}},"DecideAction":{"count":8839068,"self":2749.5897087999997,"total":2769.6396599,"children":{"AgentInfo.ToProto":{"count":883907,"self":20.049968,"total":20.0499674,"children":null}}},"AgentAct":{"count":8839068,"self":221.18289919999998,"total":221.1829012,"children":null}}}