{"count":1,"gauges":{},"self":32.62864,"total":32.64545,"children":{"AgentResetIfDone":{"count":1627,"self":0.0049244,"total":0.0049244,"children":null},"AgentSendState":{"count":1627,"self":0.0029655,"total":0.0039639,"children":{"CollectObservations":{"count":163,"self":0.0009984,"total":0.0009984,"children":null}}},"DecideAction":{"count":1627,"self":0.0019618,"total":0.0019618,"children":null},"AgentAct":{"count":1627,"self":0.0049635999999999994,"total":0.0049635999999999994,"children":null}}}