{"count":1,"gauges":{},"self":1415.524864,"total":2654.5440255,"children":{"AgentResetIfDone":{"count":3874267,"self":26.2182928,"total":26.218293499999998,"children":null},"AgentSendState":{"count":3874267,"self":21.5947744,"total":23.9680568,"children":{"CollectObservations":{"count":387427,"self":2.3732827999999997,"total":2.3732827999999997,"children":null}}},"DecideAction":{"count":3874267,"self":1095.6122112,"total":1103.6766142,"children":{"AgentInfo.ToProto":{"count":387427,"self":8.0644216,"total":8.0644217,"children":null}}},"AgentAct":{"count":3874267,"self":85.155219199999991,"total":85.1552196,"children":null}}}