{"count":1,"gauges":{},"self":6.5706444,"total":6.7845331,"children":{"AgentResetIfDone":{"count":12584,"self":0.0713385,"total":0.0713385,"children":null},"AgentSendState":{"count":12584,"self":0.041838099999999996,"total":0.041838099999999996,"children":null},"DecideAction":{"count":12584,"self":0.0538631,"total":0.0538631,"children":null},"AgentAct":{"count":12584,"self":0.046848999999999995,"total":0.046848999999999995,"children":null}}}